images/Image_heatmap_0.png, 0
images/Image_heatmap_1.png, 1
images/Image_heatmap_2.png, 1
images/Image_heatmap_3.png, 1
images/Image_heatmap_4.png, 1
images/Image_heatmap_5.png, 1
images/Image_heatmap_6.png, 1
images/Image_heatmap_7.png, 1
images/Image_heatmap_8.png, 1
images/Image_heatmap_9.png, 0
images/Image_heatmap_10.png, 0
images/Image_heatmap_11.png, 0
images/Image_heatmap_12.png, 0
images/Image_heatmap_13.png, 0
images/Image_heatmap_14.png, 0
images/Image_heatmap_15.png, 0
images/Image_heatmap_16.png, 0
images/Image_heatmap_17.png, 0
images/Image_heatmap_18.png, 0
images/Image_heatmap_19.png, 0
images/Image_heatmap_20.png, 0
images/Image_heatmap_21.png, 0
images/Image_heatmap_22.png, 0
images/Image_heatmap_23.png, 0
images/Image_heatmap_24.png, 0
images/Image_heatmap_25.png, 0
images/Image_heatmap_26.png, 0
images/Image_heatmap_27.png, 1
images/Image_heatmap_28.png, 0
images/Image_heatmap_29.png, 0
images/Image_heatmap_30.png, 0
images/Image_heatmap_31.png, 0
images/Image_heatmap_32.png, 0
images/Image_heatmap_33.png, 0
images/Image_heatmap_34.png, 0
images/Image_heatmap_35.png, 0
images/Image_heatmap_36.png, 0
images/Image_heatmap_37.png, 1
images/Image_heatmap_38.png, 1
images/Image_heatmap_39.png, 1
images/Image_heatmap_40.png, 1
images/Image_heatmap_41.png, 0
images/Image_heatmap_42.png, 0
images/Image_heatmap_43.png, 1
images/Image_heatmap_44.png, 1
images/Image_heatmap_45.png, 1
images/Image_heatmap_46.png, 0
images/Image_heatmap_47.png, 0
images/Image_heatmap_48.png, 1
images/Image_heatmap_49.png, 1
images/Image_heatmap_50.png, 1
images/Image_heatmap_51.png, 1
images/Image_heatmap_52.png, 1
images/Image_heatmap_53.png, 0
images/Image_heatmap_54.png, 0
images/Image_heatmap_55.png, 0
images/Image_heatmap_56.png, 0
images/Image_heatmap_57.png, 0
images/Image_heatmap_58.png, 0
images/Image_heatmap_59.png, 0
images/Image_heatmap_60.png, 0
images/Image_heatmap_61.png, 1
images/Image_heatmap_62.png, 1
images/Image_heatmap_63.png, 1
images/Image_heatmap_64.png, 1
images/Image_heatmap_65.png, 0
images/Image_heatmap_66.png, 0
images/Image_heatmap_67.png, 0
images/Image_heatmap_68.png, 0
images/Image_heatmap_69.png, 0
images/Image_heatmap_70.png, 1
images/Image_heatmap_71.png, 1
images/Image_heatmap_72.png, 1
images/Image_heatmap_73.png, 0
images/Image_heatmap_74.png, 0
images/Image_heatmap_75.png, 0
images/Image_heatmap_76.png, 0
images/Image_heatmap_77.png, 1
images/Image_heatmap_78.png, 1
images/Image_heatmap_79.png, 1
images/Image_heatmap_80.png, 0
images/Image_heatmap_81.png, 0
images/Image_heatmap_82.png, 1
images/Image_heatmap_83.png, 1
images/Image_heatmap_84.png, 1
images/Image_heatmap_85.png, 1
images/Image_heatmap_86.png, 1
images/Image_heatmap_87.png, 1
images/Image_heatmap_88.png, 1
images/Image_heatmap_89.png, 3
images/Image_heatmap_90.png, 1
images/Image_heatmap_91.png, 1
images/Image_heatmap_92.png, 3
images/Image_heatmap_93.png, 3
images/Image_heatmap_94.png, 1
images/Image_heatmap_95.png, 3
images/Image_heatmap_96.png, 3
images/Image_heatmap_97.png, 1
images/Image_heatmap_98.png, 1
images/Image_heatmap_99.png, 3
images/Image_heatmap_100.png, 1
images/Image_heatmap_101.png, 1
images/Image_heatmap_102.png, 1
images/Image_heatmap_103.png, 1
images/Image_heatmap_104.png, 3
images/Image_heatmap_105.png, 1
images/Image_heatmap_106.png, 3
images/Image_heatmap_107.png, 1
images/Image_heatmap_108.png, 1
images/Image_heatmap_109.png, 1
images/Image_heatmap_110.png, 1
images/Image_heatmap_111.png, 1
images/Image_heatmap_112.png, 1
images/Image_heatmap_113.png, 1
images/Image_heatmap_114.png, 1
images/Image_heatmap_115.png, 1
images/Image_heatmap_116.png, 3
images/Image_heatmap_117.png, 3
images/Image_heatmap_118.png, 1
images/Image_heatmap_119.png, 1
images/Image_heatmap_120.png, 0
images/Image_heatmap_121.png, 0
images/Image_heatmap_122.png, 1
images/Image_heatmap_123.png, 1
images/Image_heatmap_124.png, 3
images/Image_heatmap_125.png, 3
images/Image_heatmap_126.png, 1
images/Image_heatmap_127.png, 1
images/Image_heatmap_128.png, 1
images/Image_heatmap_129.png, 1
images/Image_heatmap_130.png, 1
images/Image_heatmap_131.png, 1
images/Image_heatmap_132.png, 1
images/Image_heatmap_133.png, 1
images/Image_heatmap_134.png, 1
images/Image_heatmap_135.png, 1
images/Image_heatmap_136.png, 1
images/Image_heatmap_137.png, 1
images/Image_heatmap_138.png, 3
images/Image_heatmap_139.png, 1
images/Image_heatmap_140.png, 1
images/Image_heatmap_141.png, 1
images/Image_heatmap_142.png, 0
images/Image_heatmap_143.png, 0
images/Image_heatmap_144.png, 0
images/Image_heatmap_145.png, 1
images/Image_heatmap_146.png, 3
images/Image_heatmap_147.png, 3
images/Image_heatmap_148.png, 3
images/Image_heatmap_149.png, 3
images/Image_heatmap_150.png, 3
images/Image_heatmap_151.png, 0
images/Image_heatmap_152.png, 0
images/Image_heatmap_153.png, 0
images/Image_heatmap_154.png, 0
images/Image_heatmap_155.png, 0
images/Image_heatmap_156.png, 0
images/Image_heatmap_157.png, 1
images/Image_heatmap_158.png, 0
images/Image_heatmap_159.png, 0
images/Image_heatmap_160.png, 1
images/Image_heatmap_161.png, 1
images/Image_heatmap_162.png, 1
images/Image_heatmap_163.png, 1
images/Image_heatmap_164.png, 3
images/Image_heatmap_165.png, 3
images/Image_heatmap_166.png, 3
images/Image_heatmap_167.png, 3
images/Image_heatmap_168.png, 1
images/Image_heatmap_169.png, 1
images/Image_heatmap_170.png, 1
images/Image_heatmap_171.png, 3
images/Image_heatmap_172.png, 3
images/Image_heatmap_173.png, 3
images/Image_heatmap_174.png, 3
images/Image_heatmap_175.png, 1
images/Image_heatmap_176.png, 1
images/Image_heatmap_177.png, 1
images/Image_heatmap_178.png, 1
images/Image_heatmap_179.png, 3
images/Image_heatmap_180.png, 3
images/Image_heatmap_181.png, 0
images/Image_heatmap_182.png, 0
images/Image_heatmap_183.png, 0
images/Image_heatmap_184.png, 0
images/Image_heatmap_185.png, 0
images/Image_heatmap_186.png, 1
images/Image_heatmap_187.png, 1
images/Image_heatmap_188.png, 3
images/Image_heatmap_189.png, 3
images/Image_heatmap_190.png, 1
images/Image_heatmap_191.png, 1
images/Image_heatmap_192.png, 1
images/Image_heatmap_193.png, 1
images/Image_heatmap_194.png, 1
images/Image_heatmap_195.png, 1
images/Image_heatmap_196.png, 1
images/Image_heatmap_197.png, 1
images/Image_heatmap_198.png, 1
images/Image_heatmap_199.png, 1
images/Image_heatmap_200.png, 1
images/Image_heatmap_201.png, 1
images/Image_heatmap_202.png, 1
images/Image_heatmap_203.png, 1
images/Image_heatmap_204.png, 1
images/Image_heatmap_205.png, 3
images/Image_heatmap_206.png, 3
images/Image_heatmap_207.png, 3
images/Image_heatmap_208.png, 1
images/Image_heatmap_209.png, 1
images/Image_heatmap_210.png, 1
images/Image_heatmap_211.png, 1
images/Image_heatmap_212.png, 1
images/Image_heatmap_213.png, 1
images/Image_heatmap_214.png, 1
images/Image_heatmap_215.png, 0
images/Image_heatmap_216.png, 0
images/Image_heatmap_217.png, 0
images/Image_heatmap_218.png, 0
images/Image_heatmap_219.png, 0
images/Image_heatmap_220.png, 0
images/Image_heatmap_221.png, 1
images/Image_heatmap_222.png, 1
images/Image_heatmap_223.png, 3
images/Image_heatmap_224.png, 0
images/Image_heatmap_225.png, 0
images/Image_heatmap_226.png, 0
images/Image_heatmap_227.png, 0
images/Image_heatmap_228.png, 0
images/Image_heatmap_229.png, 0
images/Image_heatmap_230.png, 0
images/Image_heatmap_231.png, 0
images/Image_heatmap_232.png, 0
images/Image_heatmap_233.png, 0
images/Image_heatmap_234.png, 0
images/Image_heatmap_235.png, 0
images/Image_heatmap_236.png, 0
images/Image_heatmap_237.png, 0
images/Image_heatmap_238.png, 0
images/Image_heatmap_239.png, 0
images/Image_heatmap_240.png, 0
images/Image_heatmap_241.png, 0
images/Image_heatmap_242.png, 0
images/Image_heatmap_243.png, 1
images/Image_heatmap_244.png, 1
images/Image_heatmap_245.png, 1
images/Image_heatmap_246.png, 1
images/Image_heatmap_247.png, 0
images/Image_heatmap_248.png, 0
images/Image_heatmap_249.png, 0
images/Image_heatmap_250.png, 0
images/Image_heatmap_251.png, 0
images/Image_heatmap_252.png, 0
images/Image_heatmap_253.png, 0
images/Image_heatmap_254.png, 0
images/Image_heatmap_255.png, 0
images/Image_heatmap_256.png, 0
images/Image_heatmap_257.png, 0
images/Image_heatmap_258.png, 0
images/Image_heatmap_259.png, 0
images/Image_heatmap_260.png, 1
images/Image_heatmap_261.png, 1
images/Image_heatmap_262.png, 1
images/Image_heatmap_263.png, 0
images/Image_heatmap_264.png, 0
images/Image_heatmap_265.png, 1
images/Image_heatmap_266.png, 1
images/Image_heatmap_267.png, 0
images/Image_heatmap_268.png, 0
images/Image_heatmap_269.png, 0
images/Image_heatmap_270.png, 0
images/Image_heatmap_271.png, 0
images/Image_heatmap_272.png, 0
images/Image_heatmap_273.png, 0
images/Image_heatmap_274.png, 0
images/Image_heatmap_275.png, 0
images/Image_heatmap_276.png, 0
images/Image_heatmap_277.png, 0
images/Image_heatmap_278.png, 0
images/Image_heatmap_279.png, 0
images/Image_heatmap_280.png, 0
images/Image_heatmap_281.png, 0
images/Image_heatmap_282.png, 1
images/Image_heatmap_283.png, 1
images/Image_heatmap_284.png, 1
images/Image_heatmap_285.png, 1
images/Image_heatmap_286.png, 1
images/Image_heatmap_287.png, 1
images/Image_heatmap_288.png, 0
images/Image_heatmap_289.png, 0
images/Image_heatmap_290.png, 0
images/Image_heatmap_291.png, 0
images/Image_heatmap_292.png, 0
images/Image_heatmap_293.png, 1
images/Image_heatmap_294.png, 1
images/Image_heatmap_295.png, 1
images/Image_heatmap_296.png, 0
images/Image_heatmap_297.png, 0
images/Image_heatmap_298.png, 0
images/Image_heatmap_299.png, 0
images/Image_heatmap_300.png, 0
images/Image_heatmap_301.png, 0
images/Image_heatmap_302.png, 1
images/Image_heatmap_303.png, 1
images/Image_heatmap_304.png, 0
images/Image_heatmap_305.png, 0
images/Image_heatmap_306.png, 0
images/Image_heatmap_307.png, 1
images/Image_heatmap_308.png, 1
images/Image_heatmap_309.png, 1
images/Image_heatmap_310.png, 3
images/Image_heatmap_311.png, 1
images/Image_heatmap_312.png, 1
images/Image_heatmap_313.png, 0
images/Image_heatmap_314.png, 1
images/Image_heatmap_315.png, 1
images/Image_heatmap_316.png, 1
images/Image_heatmap_317.png, 1
images/Image_heatmap_318.png, 1
images/Image_heatmap_319.png, 1
images/Image_heatmap_320.png, 1
images/Image_heatmap_321.png, 1
images/Image_heatmap_322.png, 1
images/Image_heatmap_323.png, 1
images/Image_heatmap_324.png, 3
images/Image_heatmap_325.png, 3
images/Image_heatmap_326.png, 0
images/Image_heatmap_327.png, 0
images/Image_heatmap_328.png, 0
images/Image_heatmap_329.png, 0
images/Image_heatmap_330.png, 0
images/Image_heatmap_331.png, 0
images/Image_heatmap_332.png, 0
images/Image_heatmap_333.png, 0
images/Image_heatmap_334.png, 0
images/Image_heatmap_335.png, 0
images/Image_heatmap_336.png, 0
images/Image_heatmap_337.png, 0
images/Image_heatmap_338.png, 0
images/Image_heatmap_339.png, 0
images/Image_heatmap_340.png, 0
images/Image_heatmap_341.png, 0
images/Image_heatmap_342.png, 0
images/Image_heatmap_343.png, 0
images/Image_heatmap_344.png, 0
images/Image_heatmap_345.png, 0
images/Image_heatmap_346.png, 0
images/Image_heatmap_347.png, 0
images/Image_heatmap_348.png, 0
images/Image_heatmap_349.png, 0
images/Image_heatmap_350.png, 0
images/Image_heatmap_351.png, 0
images/Image_heatmap_352.png, 0
images/Image_heatmap_353.png, 0
images/Image_heatmap_354.png, 0
images/Image_heatmap_355.png, 0
images/Image_heatmap_356.png, 0
images/Image_heatmap_357.png, 0
images/Image_heatmap_358.png, 0
images/Image_heatmap_359.png, 1
images/Image_heatmap_360.png, 0
images/Image_heatmap_361.png, 0
images/Image_heatmap_362.png, 0
images/Image_heatmap_363.png, 1
images/Image_heatmap_364.png, 0
images/Image_heatmap_365.png, 0
images/Image_heatmap_366.png, 0
images/Image_heatmap_367.png, 0
images/Image_heatmap_368.png, 0
images/Image_heatmap_369.png, 0
images/Image_heatmap_370.png, 0
images/Image_heatmap_371.png, 0
images/Image_heatmap_372.png, 0
images/Image_heatmap_373.png, 0
images/Image_heatmap_374.png, 0
images/Image_heatmap_375.png, 1
images/Image_heatmap_376.png, 1
images/Image_heatmap_377.png, 1
images/Image_heatmap_378.png, 0
images/Image_heatmap_379.png, 0
images/Image_heatmap_380.png, 0
images/Image_heatmap_381.png, 0
images/Image_heatmap_382.png, 0
images/Image_heatmap_383.png, 0
images/Image_heatmap_384.png, 0
images/Image_heatmap_385.png, 0
images/Image_heatmap_386.png, 0
images/Image_heatmap_387.png, 0
images/Image_heatmap_388.png, 0
images/Image_heatmap_389.png, 0
images/Image_heatmap_390.png, 0
images/Image_heatmap_391.png, 0
images/Image_heatmap_392.png, 1
images/Image_heatmap_393.png, 1
images/Image_heatmap_394.png, 1
images/Image_heatmap_395.png, 1
images/Image_heatmap_396.png, 1
images/Image_heatmap_397.png, 0
images/Image_heatmap_398.png, 0
images/Image_heatmap_399.png, 0
images/Image_heatmap_400.png, 0
images/Image_heatmap_401.png, 1
images/Image_heatmap_402.png, 1
images/Image_heatmap_403.png, 0
images/Image_heatmap_404.png, 0
images/Image_heatmap_405.png, 0
images/Image_heatmap_406.png, 1
images/Image_heatmap_407.png, 1
images/Image_heatmap_408.png, 1
images/Image_heatmap_409.png, 1
images/Image_heatmap_410.png, 0
images/Image_heatmap_411.png, 0
images/Image_heatmap_412.png, 0
images/Image_heatmap_413.png, 0
images/Image_heatmap_414.png, 1
images/Image_heatmap_415.png, 1
images/Image_heatmap_416.png, 0
images/Image_heatmap_417.png, 0
images/Image_heatmap_418.png, 0
images/Image_heatmap_419.png, 0
images/Image_heatmap_420.png, 0
images/Image_heatmap_421.png, 1
images/Image_heatmap_422.png, 1
images/Image_heatmap_423.png, 1
images/Image_heatmap_424.png, 1
images/Image_heatmap_425.png, 0
images/Image_heatmap_426.png, 0
images/Image_heatmap_427.png, 0
images/Image_heatmap_428.png, 0
images/Image_heatmap_429.png, 0
images/Image_heatmap_430.png, 0
images/Image_heatmap_431.png, 0
images/Image_heatmap_432.png, 0
images/Image_heatmap_433.png, 0
images/Image_heatmap_434.png, 0
images/Image_heatmap_435.png, 0
images/Image_heatmap_436.png, 1
images/Image_heatmap_437.png, 0
images/Image_heatmap_438.png, 0
images/Image_heatmap_439.png, 0
images/Image_heatmap_440.png, 0
images/Image_heatmap_441.png, 0
images/Image_heatmap_442.png, 0
images/Image_heatmap_443.png, 0
images/Image_heatmap_444.png, 0
images/Image_heatmap_445.png, 0
images/Image_heatmap_446.png, 0
images/Image_heatmap_447.png, 0
images/Image_heatmap_448.png, 0
images/Image_heatmap_449.png, 0
images/Image_heatmap_450.png, 0
images/Image_heatmap_451.png, 1
images/Image_heatmap_452.png, 1
images/Image_heatmap_453.png, 1
images/Image_heatmap_454.png, 1
images/Image_heatmap_455.png, 1
images/Image_heatmap_456.png, 0
images/Image_heatmap_457.png, 0
images/Image_heatmap_458.png, 0
images/Image_heatmap_459.png, 0
images/Image_heatmap_460.png, 0
images/Image_heatmap_461.png, 0
images/Image_heatmap_462.png, 0
images/Image_heatmap_463.png, 0
images/Image_heatmap_464.png, 0
images/Image_heatmap_465.png, 0
images/Image_heatmap_466.png, 0
images/Image_heatmap_467.png, 0
images/Image_heatmap_468.png, 0
images/Image_heatmap_469.png, 0
images/Image_heatmap_470.png, 0
images/Image_heatmap_471.png, 0
images/Image_heatmap_472.png, 0
images/Image_heatmap_473.png, 0
images/Image_heatmap_474.png, 0
images/Image_heatmap_475.png, 0
images/Image_heatmap_476.png, 0
images/Image_heatmap_477.png, 0
images/Image_heatmap_478.png, 0
images/Image_heatmap_479.png, 0
images/Image_heatmap_480.png, 0
images/Image_heatmap_481.png, 1
images/Image_heatmap_482.png, 1
images/Image_heatmap_483.png, 1
images/Image_heatmap_484.png, 1
images/Image_heatmap_485.png, 0
images/Image_heatmap_486.png, 0
images/Image_heatmap_487.png, 0
images/Image_heatmap_488.png, 0
images/Image_heatmap_489.png, 1
images/Image_heatmap_490.png, 1
images/Image_heatmap_491.png, 1
images/Image_heatmap_492.png, 1
images/Image_heatmap_493.png, 1
images/Image_heatmap_494.png, 0
images/Image_heatmap_495.png, 0
images/Image_heatmap_496.png, 0
images/Image_heatmap_497.png, 0
images/Image_heatmap_498.png, 0
images/Image_heatmap_499.png, 0
images/Image_heatmap_500.png, 0
images/Image_heatmap_501.png, 0
images/Image_heatmap_502.png, 0
images/Image_heatmap_503.png, 0
images/Image_heatmap_504.png, 0
images/Image_heatmap_505.png, 0
images/Image_heatmap_506.png, 0
images/Image_heatmap_507.png, 1
images/Image_heatmap_508.png, 1
images/Image_heatmap_509.png, 1
images/Image_heatmap_510.png, 1
images/Image_heatmap_511.png, 1
images/Image_heatmap_512.png, 0
images/Image_heatmap_513.png, 0
images/Image_heatmap_514.png, 0
images/Image_heatmap_515.png, 0
images/Image_heatmap_516.png, 0
images/Image_heatmap_517.png, 0
images/Image_heatmap_518.png, 1
images/Image_heatmap_519.png, 1
images/Image_heatmap_520.png, 1
images/Image_heatmap_521.png, 1
images/Image_heatmap_522.png, 1
images/Image_heatmap_523.png, 1
images/Image_heatmap_524.png, 1
images/Image_heatmap_525.png, 0
images/Image_heatmap_526.png, 0
images/Image_heatmap_527.png, 0
images/Image_heatmap_528.png, 0
images/Image_heatmap_529.png, 1
images/Image_heatmap_530.png, 1
images/Image_heatmap_531.png, 1
images/Image_heatmap_532.png, 1
images/Image_heatmap_533.png, 1
images/Image_heatmap_534.png, 1
images/Image_heatmap_535.png, 1
images/Image_heatmap_536.png, 0
images/Image_heatmap_537.png, 0
images/Image_heatmap_538.png, 0
images/Image_heatmap_539.png, 1
images/Image_heatmap_540.png, 1
images/Image_heatmap_541.png, 0
images/Image_heatmap_542.png, 0
images/Image_heatmap_543.png, 0
images/Image_heatmap_544.png, 0
images/Image_heatmap_545.png, 1
images/Image_heatmap_546.png, 1
images/Image_heatmap_547.png, 1
images/Image_heatmap_548.png, 1
images/Image_heatmap_549.png, 0
images/Image_heatmap_550.png, 0
images/Image_heatmap_551.png, 0
images/Image_heatmap_552.png, 1
images/Image_heatmap_553.png, 1
images/Image_heatmap_554.png, 1
images/Image_heatmap_555.png, 1
images/Image_heatmap_556.png, 1
images/Image_heatmap_557.png, 1
images/Image_heatmap_558.png, 0
images/Image_heatmap_559.png, 0
images/Image_heatmap_560.png, 0
images/Image_heatmap_561.png, 0
images/Image_heatmap_562.png, 0
images/Image_heatmap_563.png, 0
images/Image_heatmap_564.png, 0
images/Image_heatmap_565.png, 0
images/Image_heatmap_566.png, 0
images/Image_heatmap_567.png, 0
images/Image_heatmap_568.png, 0
images/Image_heatmap_569.png, 0
images/Image_heatmap_570.png, 0
images/Image_heatmap_571.png, 0
images/Image_heatmap_572.png, 0
images/Image_heatmap_573.png, 0
images/Image_heatmap_574.png, 0
images/Image_heatmap_575.png, 0
images/Image_heatmap_576.png, 0
images/Image_heatmap_577.png, 0
images/Image_heatmap_578.png, 0
images/Image_heatmap_579.png, 1
images/Image_heatmap_580.png, 0
images/Image_heatmap_581.png, 1
images/Image_heatmap_582.png, 0
images/Image_heatmap_583.png, 0
images/Image_heatmap_584.png, 0
images/Image_heatmap_585.png, 0
images/Image_heatmap_586.png, 0
images/Image_heatmap_587.png, 0
images/Image_heatmap_588.png, 0
images/Image_heatmap_589.png, 0
images/Image_heatmap_590.png, 0
images/Image_heatmap_591.png, 0
images/Image_heatmap_592.png, 0
images/Image_heatmap_593.png, 0
images/Image_heatmap_594.png, 0
images/Image_heatmap_595.png, 0
images/Image_heatmap_596.png, 0
images/Image_heatmap_597.png, 1
images/Image_heatmap_598.png, 1
images/Image_heatmap_599.png, 1
images/Image_heatmap_600.png, 1
images/Image_heatmap_601.png, 0
images/Image_heatmap_602.png, 0
images/Image_heatmap_603.png, 0
images/Image_heatmap_604.png, 0
images/Image_heatmap_605.png, 1
images/Image_heatmap_606.png, 1
images/Image_heatmap_607.png, 1
images/Image_heatmap_608.png, 0
images/Image_heatmap_609.png, 1
images/Image_heatmap_610.png, 0
images/Image_heatmap_611.png, 0
images/Image_heatmap_612.png, 0
images/Image_heatmap_613.png, 0
images/Image_heatmap_614.png, 0
images/Image_heatmap_615.png, 0
images/Image_heatmap_616.png, 1
images/Image_heatmap_617.png, 1
images/Image_heatmap_618.png, 1
images/Image_heatmap_619.png, 0
images/Image_heatmap_620.png, 0
images/Image_heatmap_621.png, 0
images/Image_heatmap_622.png, 1
images/Image_heatmap_623.png, 0
images/Image_heatmap_624.png, 1
images/Image_heatmap_625.png, 0
images/Image_heatmap_626.png, 0
images/Image_heatmap_627.png, 0
images/Image_heatmap_628.png, 1
images/Image_heatmap_629.png, 0
images/Image_heatmap_630.png, 1
images/Image_heatmap_631.png, 1
images/Image_heatmap_632.png, 1
images/Image_heatmap_633.png, 1
images/Image_heatmap_634.png, 1
images/Image_heatmap_635.png, 0
images/Image_heatmap_636.png, 0
images/Image_heatmap_637.png, 0
images/Image_heatmap_638.png, 0
images/Image_heatmap_639.png, 0
images/Image_heatmap_640.png, 0
images/Image_heatmap_641.png, 0
images/Image_heatmap_642.png, 0
images/Image_heatmap_643.png, 0
images/Image_heatmap_644.png, 0
images/Image_heatmap_645.png, 0
images/Image_heatmap_646.png, 0
images/Image_heatmap_647.png, 0
images/Image_heatmap_648.png, 0
images/Image_heatmap_649.png, 0
images/Image_heatmap_650.png, 1
images/Image_heatmap_651.png, 1
images/Image_heatmap_652.png, 1
images/Image_heatmap_653.png, 0
images/Image_heatmap_654.png, 0
images/Image_heatmap_655.png, 0
images/Image_heatmap_656.png, 0
images/Image_heatmap_657.png, 0
images/Image_heatmap_658.png, 0
images/Image_heatmap_659.png, 0
images/Image_heatmap_660.png, 0
images/Image_heatmap_661.png, 0
images/Image_heatmap_662.png, 0
images/Image_heatmap_663.png, 0
images/Image_heatmap_664.png, 0
images/Image_heatmap_665.png, 0
images/Image_heatmap_666.png, 0
images/Image_heatmap_667.png, 0
images/Image_heatmap_668.png, 0
images/Image_heatmap_669.png, 0
images/Image_heatmap_670.png, 0
images/Image_heatmap_671.png, 0
images/Image_heatmap_672.png, 0
images/Image_heatmap_673.png, 0
images/Image_heatmap_674.png, 0
images/Image_heatmap_675.png, 0
images/Image_heatmap_676.png, 0
images/Image_heatmap_677.png, 0
images/Image_heatmap_678.png, 0
images/Image_heatmap_679.png, 0
images/Image_heatmap_680.png, 0
images/Image_heatmap_681.png, 0
images/Image_heatmap_682.png, 0
images/Image_heatmap_683.png, 0
images/Image_heatmap_684.png, 0
images/Image_heatmap_685.png, 0
images/Image_heatmap_686.png, 0
images/Image_heatmap_687.png, 0
images/Image_heatmap_688.png, 0
images/Image_heatmap_689.png, 1
images/Image_heatmap_690.png, 0
images/Image_heatmap_691.png, 0
images/Image_heatmap_692.png, 0
images/Image_heatmap_693.png, 0
images/Image_heatmap_694.png, 0
images/Image_heatmap_695.png, 0
images/Image_heatmap_696.png, 0
images/Image_heatmap_697.png, 0
images/Image_heatmap_698.png, 0
images/Image_heatmap_699.png, 0
images/Image_heatmap_700.png, 0
images/Image_heatmap_701.png, 0
images/Image_heatmap_702.png, 0
images/Image_heatmap_703.png, 0
images/Image_heatmap_704.png, 1
images/Image_heatmap_705.png, 1
images/Image_heatmap_706.png, 1
images/Image_heatmap_707.png, 1
images/Image_heatmap_708.png, 0
images/Image_heatmap_709.png, 0
images/Image_heatmap_710.png, 0
images/Image_heatmap_711.png, 0
images/Image_heatmap_712.png, 0
images/Image_heatmap_713.png, 0
images/Image_heatmap_714.png, 0
images/Image_heatmap_715.png, 0
images/Image_heatmap_716.png, 0
images/Image_heatmap_717.png, 0
images/Image_heatmap_718.png, 0
images/Image_heatmap_719.png, 0
images/Image_heatmap_720.png, 0
images/Image_heatmap_721.png, 0
images/Image_heatmap_722.png, 0
images/Image_heatmap_723.png, 0
images/Image_heatmap_724.png, 0
images/Image_heatmap_725.png, 0
images/Image_heatmap_726.png, 0
images/Image_heatmap_727.png, 0
images/Image_heatmap_728.png, 1
images/Image_heatmap_729.png, 1
images/Image_heatmap_730.png, 1
images/Image_heatmap_731.png, 0
images/Image_heatmap_732.png, 0
images/Image_heatmap_733.png, 0
images/Image_heatmap_734.png, 1
images/Image_heatmap_735.png, 1
images/Image_heatmap_736.png, 1
images/Image_heatmap_737.png, 1
images/Image_heatmap_738.png, 0
images/Image_heatmap_739.png, 0
images/Image_heatmap_740.png, 0
images/Image_heatmap_741.png, 1
images/Image_heatmap_742.png, 1
images/Image_heatmap_743.png, 1
images/Image_heatmap_744.png, 1
images/Image_heatmap_745.png, 1
images/Image_heatmap_746.png, 0
images/Image_heatmap_747.png, 0
images/Image_heatmap_748.png, 0
images/Image_heatmap_749.png, 0
images/Image_heatmap_750.png, 0
images/Image_heatmap_751.png, 0
images/Image_heatmap_752.png, 1
images/Image_heatmap_753.png, 0
images/Image_heatmap_754.png, 0
images/Image_heatmap_755.png, 0
images/Image_heatmap_756.png, 1
images/Image_heatmap_757.png, 1
images/Image_heatmap_758.png, 1
images/Image_heatmap_759.png, 1
images/Image_heatmap_760.png, 0
images/Image_heatmap_761.png, 0
images/Image_heatmap_762.png, 0
images/Image_heatmap_763.png, 1
images/Image_heatmap_764.png, 1
images/Image_heatmap_765.png, 1
images/Image_heatmap_766.png, 1
images/Image_heatmap_767.png, 0
images/Image_heatmap_768.png, 0
images/Image_heatmap_769.png, 0
images/Image_heatmap_770.png, 0
images/Image_heatmap_771.png, 0
images/Image_heatmap_772.png, 0
images/Image_heatmap_773.png, 0
images/Image_heatmap_774.png, 0
images/Image_heatmap_775.png, 0
images/Image_heatmap_776.png, 0
images/Image_heatmap_777.png, 0
images/Image_heatmap_778.png, 0
images/Image_heatmap_779.png, 0
images/Image_heatmap_780.png, 0
images/Image_heatmap_781.png, 1
images/Image_heatmap_782.png, 1
images/Image_heatmap_783.png, 0
images/Image_heatmap_784.png, 0
images/Image_heatmap_785.png, 1
images/Image_heatmap_786.png, 1
images/Image_heatmap_787.png, 1
images/Image_heatmap_788.png, 1
images/Image_heatmap_789.png, 0
images/Image_heatmap_790.png, 0
images/Image_heatmap_791.png, 0
images/Image_heatmap_792.png, 0
images/Image_heatmap_793.png, 1
images/Image_heatmap_794.png, 1
images/Image_heatmap_795.png, 0
images/Image_heatmap_796.png, 1
images/Image_heatmap_797.png, 0
images/Image_heatmap_798.png, 0
images/Image_heatmap_799.png, 0
images/Image_heatmap_800.png, 1
images/Image_heatmap_801.png, 0
images/Image_heatmap_802.png, 1
images/Image_heatmap_803.png, 1
images/Image_heatmap_804.png, 0
images/Image_heatmap_805.png, 0
images/Image_heatmap_806.png, 0
images/Image_heatmap_807.png, 0
images/Image_heatmap_808.png, 1
images/Image_heatmap_809.png, 1
images/Image_heatmap_810.png, 1
images/Image_heatmap_811.png, 1
images/Image_heatmap_812.png, 1
images/Image_heatmap_813.png, 0
images/Image_heatmap_814.png, 0
images/Image_heatmap_815.png, 0
images/Image_heatmap_816.png, 0
images/Image_heatmap_817.png, 0
images/Image_heatmap_818.png, 0
images/Image_heatmap_819.png, 0
images/Image_heatmap_820.png, 0
images/Image_heatmap_821.png, 0
images/Image_heatmap_822.png, 0
images/Image_heatmap_823.png, 0
images/Image_heatmap_824.png, 0
images/Image_heatmap_825.png, 1
images/Image_heatmap_826.png, 1
images/Image_heatmap_827.png, 1
images/Image_heatmap_828.png, 0
images/Image_heatmap_829.png, 0
images/Image_heatmap_830.png, 0
images/Image_heatmap_831.png, 0
images/Image_heatmap_832.png, 0
images/Image_heatmap_833.png, 0
images/Image_heatmap_834.png, 0
images/Image_heatmap_835.png, 0
images/Image_heatmap_836.png, 0
images/Image_heatmap_837.png, 0
images/Image_heatmap_838.png, 0
images/Image_heatmap_839.png, 0
images/Image_heatmap_840.png, 0
images/Image_heatmap_841.png, 0
images/Image_heatmap_842.png, 0
images/Image_heatmap_843.png, 0
images/Image_heatmap_844.png, 1
images/Image_heatmap_845.png, 1
images/Image_heatmap_846.png, 0
images/Image_heatmap_847.png, 0
images/Image_heatmap_848.png, 0
images/Image_heatmap_849.png, 1
images/Image_heatmap_850.png, 1
images/Image_heatmap_851.png, 0
images/Image_heatmap_852.png, 0
images/Image_heatmap_853.png, 0
images/Image_heatmap_854.png, 0
images/Image_heatmap_855.png, 0
images/Image_heatmap_856.png, 0
images/Image_heatmap_857.png, 0
images/Image_heatmap_858.png, 0
images/Image_heatmap_859.png, 0
images/Image_heatmap_860.png, 0
images/Image_heatmap_861.png, 0
images/Image_heatmap_862.png, 0
images/Image_heatmap_863.png, 1
images/Image_heatmap_864.png, 1
images/Image_heatmap_865.png, 1
images/Image_heatmap_866.png, 1
images/Image_heatmap_867.png, 0
images/Image_heatmap_868.png, 0
images/Image_heatmap_869.png, 0
images/Image_heatmap_870.png, 0
images/Image_heatmap_871.png, 0
images/Image_heatmap_872.png, 0
images/Image_heatmap_873.png, 0
images/Image_heatmap_874.png, 0
images/Image_heatmap_875.png, 0
images/Image_heatmap_876.png, 0
images/Image_heatmap_877.png, 0
images/Image_heatmap_878.png, 0
images/Image_heatmap_879.png, 0
images/Image_heatmap_880.png, 1
images/Image_heatmap_881.png, 1
images/Image_heatmap_882.png, 1
images/Image_heatmap_883.png, 0
images/Image_heatmap_884.png, 0
images/Image_heatmap_885.png, 0
images/Image_heatmap_886.png, 0
images/Image_heatmap_887.png, 1
images/Image_heatmap_888.png, 1
images/Image_heatmap_889.png, 0
images/Image_heatmap_890.png, 0
images/Image_heatmap_891.png, 0
images/Image_heatmap_892.png, 0
images/Image_heatmap_893.png, 1
images/Image_heatmap_894.png, 1
images/Image_heatmap_895.png, 0
images/Image_heatmap_896.png, 0
images/Image_heatmap_897.png, 0
images/Image_heatmap_898.png, 0
images/Image_heatmap_899.png, 1
images/Image_heatmap_900.png, 1
images/Image_heatmap_901.png, 1
images/Image_heatmap_902.png, 0
images/Image_heatmap_903.png, 0
images/Image_heatmap_904.png, 0
images/Image_heatmap_905.png, 0
images/Image_heatmap_906.png, 0
images/Image_heatmap_907.png, 0
images/Image_heatmap_908.png, 0
images/Image_heatmap_909.png, 0
images/Image_heatmap_910.png, 0
images/Image_heatmap_911.png, 0
images/Image_heatmap_912.png, 0
images/Image_heatmap_913.png, 0
images/Image_heatmap_914.png, 0
images/Image_heatmap_915.png, 0
images/Image_heatmap_916.png, 0
images/Image_heatmap_917.png, 0
images/Image_heatmap_918.png, 0
images/Image_heatmap_919.png, 0
images/Image_heatmap_920.png, 0
images/Image_heatmap_921.png, 0
images/Image_heatmap_922.png, 0
images/Image_heatmap_923.png, 0
images/Image_heatmap_924.png, 0
images/Image_heatmap_925.png, 0
images/Image_heatmap_926.png, 0
images/Image_heatmap_927.png, 0
images/Image_heatmap_928.png, 0
images/Image_heatmap_929.png, 1
images/Image_heatmap_930.png, 0
images/Image_heatmap_931.png, 0
images/Image_heatmap_932.png, 0
images/Image_heatmap_933.png, 0
images/Image_heatmap_934.png, 0
images/Image_heatmap_935.png, 0
images/Image_heatmap_936.png, 0
images/Image_heatmap_937.png, 0
images/Image_heatmap_938.png, 0
images/Image_heatmap_939.png, 0
images/Image_heatmap_940.png, 0
images/Image_heatmap_941.png, 1
images/Image_heatmap_942.png, 1
images/Image_heatmap_943.png, 0
images/Image_heatmap_944.png, 0
images/Image_heatmap_945.png, 0
images/Image_heatmap_946.png, 1
images/Image_heatmap_947.png, 1
images/Image_heatmap_948.png, 1
images/Image_heatmap_949.png, 1
images/Image_heatmap_950.png, 0
images/Image_heatmap_951.png, 0
images/Image_heatmap_952.png, 0
images/Image_heatmap_953.png, 1
images/Image_heatmap_954.png, 1
images/Image_heatmap_955.png, 1
images/Image_heatmap_956.png, 1
images/Image_heatmap_957.png, 0
images/Image_heatmap_958.png, 0
images/Image_heatmap_959.png, 0
images/Image_heatmap_960.png, 0
images/Image_heatmap_961.png, 1
images/Image_heatmap_962.png, 1
images/Image_heatmap_963.png, 1
images/Image_heatmap_964.png, 1
images/Image_heatmap_965.png, 0
images/Image_heatmap_966.png, 0
images/Image_heatmap_967.png, 0
images/Image_heatmap_968.png, 0
images/Image_heatmap_969.png, 1
images/Image_heatmap_970.png, 1
images/Image_heatmap_971.png, 1
images/Image_heatmap_972.png, 1
images/Image_heatmap_973.png, 1
images/Image_heatmap_974.png, 0
images/Image_heatmap_975.png, 0
images/Image_heatmap_976.png, 0
images/Image_heatmap_977.png, 0
images/Image_heatmap_978.png, 0
images/Image_heatmap_979.png, 0
images/Image_heatmap_980.png, 0
images/Image_heatmap_981.png, 0
images/Image_heatmap_982.png, 0
images/Image_heatmap_983.png, 0
images/Image_heatmap_984.png, 0
images/Image_heatmap_985.png, 0
images/Image_heatmap_986.png, 0
images/Image_heatmap_987.png, 0
images/Image_heatmap_988.png, 1
images/Image_heatmap_989.png, 1
images/Image_heatmap_990.png, 1
images/Image_heatmap_991.png, 1
images/Image_heatmap_992.png, 1
images/Image_heatmap_993.png, 0
images/Image_heatmap_994.png, 0
images/Image_heatmap_995.png, 0
images/Image_heatmap_996.png, 1
images/Image_heatmap_997.png, 1
images/Image_heatmap_998.png, 0
images/Image_heatmap_999.png, 0
images/Image_heatmap_1000.png, 0
images/Image_heatmap_1001.png, 0
images/Image_heatmap_1002.png, 1
images/Image_heatmap_1003.png, 1
images/Image_heatmap_1004.png, 1
images/Image_heatmap_1005.png, 0
images/Image_heatmap_1006.png, 0
images/Image_heatmap_1007.png, 1
images/Image_heatmap_1008.png, 1
images/Image_heatmap_1009.png, 0
images/Image_heatmap_1010.png, 0
images/Image_heatmap_1011.png, 0
images/Image_heatmap_1012.png, 0
images/Image_heatmap_1013.png, 0
images/Image_heatmap_1014.png, 1
images/Image_heatmap_1015.png, 1
images/Image_heatmap_1016.png, 1
images/Image_heatmap_1017.png, 1
images/Image_heatmap_1018.png, 1
images/Image_heatmap_1019.png, 0
images/Image_heatmap_1020.png, 0
images/Image_heatmap_1021.png, 0
images/Image_heatmap_1022.png, 0
images/Image_heatmap_1023.png, 0
images/Image_heatmap_1024.png, 0
images/Image_heatmap_1025.png, 0
images/Image_heatmap_1026.png, 0
images/Image_heatmap_1027.png, 0
images/Image_heatmap_1028.png, 0
images/Image_heatmap_1029.png, 0
images/Image_heatmap_1030.png, 0
images/Image_heatmap_1031.png, 0
images/Image_heatmap_1032.png, 0
images/Image_heatmap_1033.png, 0
images/Image_heatmap_1034.png, 1
images/Image_heatmap_1035.png, 0
images/Image_heatmap_1036.png, 0
images/Image_heatmap_1037.png, 0
images/Image_heatmap_1038.png, 0
images/Image_heatmap_1039.png, 0
images/Image_heatmap_1040.png, 0
images/Image_heatmap_1041.png, 0
images/Image_heatmap_1042.png, 0
images/Image_heatmap_1043.png, 0
images/Image_heatmap_1044.png, 0
images/Image_heatmap_1045.png, 0
images/Image_heatmap_1046.png, 0
images/Image_heatmap_1047.png, 0
images/Image_heatmap_1048.png, 0
images/Image_heatmap_1049.png, 0
images/Image_heatmap_1050.png, 0
images/Image_heatmap_1051.png, 1
images/Image_heatmap_1052.png, 1
images/Image_heatmap_1053.png, 1
images/Image_heatmap_1054.png, 1
images/Image_heatmap_1055.png, 0
images/Image_heatmap_1056.png, 0
images/Image_heatmap_1057.png, 0
images/Image_heatmap_1058.png, 0
images/Image_heatmap_1059.png, 0
images/Image_heatmap_1060.png, 0
images/Image_heatmap_1061.png, 0
images/Image_heatmap_1062.png, 0
images/Image_heatmap_1063.png, 0
images/Image_heatmap_1064.png, 0
images/Image_heatmap_1065.png, 0
images/Image_heatmap_1066.png, 1
images/Image_heatmap_1067.png, 1
images/Image_heatmap_1068.png, 1
images/Image_heatmap_1069.png, 1
images/Image_heatmap_1070.png, 1
images/Image_heatmap_1071.png, 0
images/Image_heatmap_1072.png, 0
images/Image_heatmap_1073.png, 0
images/Image_heatmap_1074.png, 0
images/Image_heatmap_1075.png, 0
images/Image_heatmap_1076.png, 0
images/Image_heatmap_1077.png, 0
images/Image_heatmap_1078.png, 0
images/Image_heatmap_1079.png, 0
images/Image_heatmap_1080.png, 0
images/Image_heatmap_1081.png, 0
images/Image_heatmap_1082.png, 0
images/Image_heatmap_1083.png, 0
images/Image_heatmap_1084.png, 0
images/Image_heatmap_1085.png, 0
images/Image_heatmap_1086.png, 0
images/Image_heatmap_1087.png, 0
images/Image_heatmap_1088.png, 0
images/Image_heatmap_1089.png, 0
images/Image_heatmap_1090.png, 0
images/Image_heatmap_1091.png, 1
images/Image_heatmap_1092.png, 1
images/Image_heatmap_1093.png, 1
images/Image_heatmap_1094.png, 1
images/Image_heatmap_1095.png, 1
images/Image_heatmap_1096.png, 0
images/Image_heatmap_1097.png, 0
images/Image_heatmap_1098.png, 0
images/Image_heatmap_1099.png, 0
images/Image_heatmap_1100.png, 0
images/Image_heatmap_1101.png, 1
images/Image_heatmap_1102.png, 1
images/Image_heatmap_1103.png, 1
images/Image_heatmap_1104.png, 1
images/Image_heatmap_1105.png, 1
images/Image_heatmap_1106.png, 0
images/Image_heatmap_1107.png, 0
images/Image_heatmap_1108.png, 0
images/Image_heatmap_1109.png, 0
images/Image_heatmap_1110.png, 0
images/Image_heatmap_1111.png, 0
images/Image_heatmap_1112.png, 0
images/Image_heatmap_1113.png, 0
images/Image_heatmap_1114.png, 0
images/Image_heatmap_1115.png, 0
images/Image_heatmap_1116.png, 0
images/Image_heatmap_1117.png, 0
images/Image_heatmap_1118.png, 0
images/Image_heatmap_1119.png, 1
images/Image_heatmap_1120.png, 1
images/Image_heatmap_1121.png, 1
images/Image_heatmap_1122.png, 1
images/Image_heatmap_1123.png, 1
images/Image_heatmap_1124.png, 1
images/Image_heatmap_1125.png, 0
images/Image_heatmap_1126.png, 0
images/Image_heatmap_1127.png, 0
images/Image_heatmap_1128.png, 0
images/Image_heatmap_1129.png, 0
images/Image_heatmap_1130.png, 0
images/Image_heatmap_1131.png, 0
images/Image_heatmap_1132.png, 0
images/Image_heatmap_1133.png, 0
images/Image_heatmap_1134.png, 0
images/Image_heatmap_1135.png, 0
images/Image_heatmap_1136.png, 0
images/Image_heatmap_1137.png, 0
images/Image_heatmap_1138.png, 0
images/Image_heatmap_1139.png, 0
images/Image_heatmap_1140.png, 1
images/Image_heatmap_1141.png, 1
images/Image_heatmap_1142.png, 0
images/Image_heatmap_1143.png, 0
images/Image_heatmap_1144.png, 0
images/Image_heatmap_1145.png, 0
images/Image_heatmap_1146.png, 0
images/Image_heatmap_1147.png, 0
images/Image_heatmap_1148.png, 0
images/Image_heatmap_1149.png, 0
images/Image_heatmap_1150.png, 0
images/Image_heatmap_1151.png, 0
images/Image_heatmap_1152.png, 0
images/Image_heatmap_1153.png, 0
images/Image_heatmap_1154.png, 0
images/Image_heatmap_1155.png, 0
images/Image_heatmap_1156.png, 0
images/Image_heatmap_1157.png, 0
images/Image_heatmap_1158.png, 0
images/Image_heatmap_1159.png, 0
images/Image_heatmap_1160.png, 0
images/Image_heatmap_1161.png, 0
images/Image_heatmap_1162.png, 0
images/Image_heatmap_1163.png, 0
images/Image_heatmap_1164.png, 0
images/Image_heatmap_1165.png, 0
images/Image_heatmap_1166.png, 0
images/Image_heatmap_1167.png, 1
images/Image_heatmap_1168.png, 1
images/Image_heatmap_1169.png, 1
images/Image_heatmap_1170.png, 1
images/Image_heatmap_1171.png, 0
images/Image_heatmap_1172.png, 0
images/Image_heatmap_1173.png, 0
images/Image_heatmap_1174.png, 0
images/Image_heatmap_1175.png, 0
images/Image_heatmap_1176.png, 0
images/Image_heatmap_1177.png, 0
images/Image_heatmap_1178.png, 0
images/Image_heatmap_1179.png, 0
images/Image_heatmap_1180.png, 0
images/Image_heatmap_1181.png, 0
images/Image_heatmap_1182.png, 0
images/Image_heatmap_1183.png, 0
images/Image_heatmap_1184.png, 0
images/Image_heatmap_1185.png, 1
images/Image_heatmap_1186.png, 1
images/Image_heatmap_1187.png, 1
images/Image_heatmap_1188.png, 1
images/Image_heatmap_1189.png, 1
images/Image_heatmap_1190.png, 1
images/Image_heatmap_1191.png, 0
images/Image_heatmap_1192.png, 0
images/Image_heatmap_1193.png, 0
images/Image_heatmap_1194.png, 0
images/Image_heatmap_1195.png, 0
images/Image_heatmap_1196.png, 1
images/Image_heatmap_1197.png, 1
images/Image_heatmap_1198.png, 0
images/Image_heatmap_1199.png, 1
images/Image_heatmap_1200.png, 0
images/Image_heatmap_1201.png, 0
images/Image_heatmap_1202.png, 1
images/Image_heatmap_1203.png, 1
images/Image_heatmap_1204.png, 1
images/Image_heatmap_1205.png, 0
images/Image_heatmap_1206.png, 0
images/Image_heatmap_1207.png, 0
images/Image_heatmap_1208.png, 1
images/Image_heatmap_1209.png, 1
images/Image_heatmap_1210.png, 1
images/Image_heatmap_1211.png, 1
images/Image_heatmap_1212.png, 1
images/Image_heatmap_1213.png, 0
images/Image_heatmap_1214.png, 0
images/Image_heatmap_1215.png, 0
images/Image_heatmap_1216.png, 0
images/Image_heatmap_1217.png, 0
images/Image_heatmap_1218.png, 0
images/Image_heatmap_1219.png, 0
images/Image_heatmap_1220.png, 0
images/Image_heatmap_1221.png, 0
images/Image_heatmap_1222.png, 0
images/Image_heatmap_1223.png, 0
images/Image_heatmap_1224.png, 0
images/Image_heatmap_1225.png, 0
images/Image_heatmap_1226.png, 0
images/Image_heatmap_1227.png, 1
images/Image_heatmap_1228.png, 0
images/Image_heatmap_1229.png, 1
images/Image_heatmap_1230.png, 1
images/Image_heatmap_1231.png, 1
images/Image_heatmap_1232.png, 1
images/Image_heatmap_1233.png, 0
images/Image_heatmap_1234.png, 0
images/Image_heatmap_1235.png, 0
images/Image_heatmap_1236.png, 0
images/Image_heatmap_1237.png, 0
images/Image_heatmap_1238.png, 0
images/Image_heatmap_1239.png, 0
images/Image_heatmap_1240.png, 0
images/Image_heatmap_1241.png, 0
images/Image_heatmap_1242.png, 0
images/Image_heatmap_1243.png, 0
images/Image_heatmap_1244.png, 0
images/Image_heatmap_1245.png, 0
images/Image_heatmap_1246.png, 0
images/Image_heatmap_1247.png, 1
images/Image_heatmap_1248.png, 0
images/Image_heatmap_1249.png, 0
images/Image_heatmap_1250.png, 0
images/Image_heatmap_1251.png, 0
images/Image_heatmap_1252.png, 0
images/Image_heatmap_1253.png, 0
images/Image_heatmap_1254.png, 0
images/Image_heatmap_1255.png, 0
images/Image_heatmap_1256.png, 1
images/Image_heatmap_1257.png, 1
images/Image_heatmap_1258.png, 0
images/Image_heatmap_1259.png, 1
images/Image_heatmap_1260.png, 0
images/Image_heatmap_1261.png, 0
images/Image_heatmap_1262.png, 0
images/Image_heatmap_1263.png, 0
images/Image_heatmap_1264.png, 0
images/Image_heatmap_1265.png, 0
images/Image_heatmap_1266.png, 0
images/Image_heatmap_1267.png, 0
images/Image_heatmap_1268.png, 0
images/Image_heatmap_1269.png, 0
images/Image_heatmap_1270.png, 0
images/Image_heatmap_1271.png, 0
images/Image_heatmap_1272.png, 0
images/Image_heatmap_1273.png, 0
images/Image_heatmap_1274.png, 0
images/Image_heatmap_1275.png, 0
images/Image_heatmap_1276.png, 0
images/Image_heatmap_1277.png, 1
images/Image_heatmap_1278.png, 1
images/Image_heatmap_1279.png, 1
images/Image_heatmap_1280.png, 1
images/Image_heatmap_1281.png, 1
images/Image_heatmap_1282.png, 0
images/Image_heatmap_1283.png, 0
images/Image_heatmap_1284.png, 0
images/Image_heatmap_1285.png, 1
images/Image_heatmap_1286.png, 1
images/Image_heatmap_1287.png, 1
images/Image_heatmap_1288.png, 1
images/Image_heatmap_1289.png, 0
images/Image_heatmap_1290.png, 0
images/Image_heatmap_1291.png, 0
images/Image_heatmap_1292.png, 1
images/Image_heatmap_1293.png, 0
images/Image_heatmap_1294.png, 0
images/Image_heatmap_1295.png, 0
images/Image_heatmap_1296.png, 1
images/Image_heatmap_1297.png, 0
images/Image_heatmap_1298.png, 0
images/Image_heatmap_1299.png, 0
images/Image_heatmap_1300.png, 0
images/Image_heatmap_1301.png, 0
images/Image_heatmap_1302.png, 1
images/Image_heatmap_1303.png, 1
images/Image_heatmap_1304.png, 0
images/Image_heatmap_1305.png, 0
images/Image_heatmap_1306.png, 0
images/Image_heatmap_1307.png, 0
images/Image_heatmap_1308.png, 1
images/Image_heatmap_1309.png, 1
images/Image_heatmap_1310.png, 0
images/Image_heatmap_1311.png, 0
images/Image_heatmap_1312.png, 0
images/Image_heatmap_1313.png, 0
images/Image_heatmap_1314.png, 0
images/Image_heatmap_1315.png, 1
images/Image_heatmap_1316.png, 1
images/Image_heatmap_1317.png, 0
images/Image_heatmap_1318.png, 0
images/Image_heatmap_1319.png, 0
images/Image_heatmap_1320.png, 1
images/Image_heatmap_1321.png, 0
images/Image_heatmap_1322.png, 1
images/Image_heatmap_1323.png, 0
images/Image_heatmap_1324.png, 0
images/Image_heatmap_1325.png, 0
images/Image_heatmap_1326.png, 0
images/Image_heatmap_1327.png, 1
images/Image_heatmap_1328.png, 1
images/Image_heatmap_1329.png, 0
images/Image_heatmap_1330.png, 0
images/Image_heatmap_1331.png, 0
images/Image_heatmap_1332.png, 0
images/Image_heatmap_1333.png, 1
images/Image_heatmap_1334.png, 1
images/Image_heatmap_1335.png, 1
images/Image_heatmap_1336.png, 1
images/Image_heatmap_1337.png, 1
images/Image_heatmap_1338.png, 0
images/Image_heatmap_1339.png, 0
images/Image_heatmap_1340.png, 0
images/Image_heatmap_1341.png, 0
images/Image_heatmap_1342.png, 0
images/Image_heatmap_1343.png, 0
images/Image_heatmap_1344.png, 0
images/Image_heatmap_1345.png, 0
images/Image_heatmap_1346.png, 0
images/Image_heatmap_1347.png, 0
images/Image_heatmap_1348.png, 0
images/Image_heatmap_1349.png, 0
images/Image_heatmap_1350.png, 0
images/Image_heatmap_1351.png, 0
images/Image_heatmap_1352.png, 0
images/Image_heatmap_1353.png, 0
images/Image_heatmap_1354.png, 0
images/Image_heatmap_1355.png, 1
images/Image_heatmap_1356.png, 1
images/Image_heatmap_1357.png, 1
images/Image_heatmap_1358.png, 1
images/Image_heatmap_1359.png, 1
images/Image_heatmap_1360.png, 0
images/Image_heatmap_1361.png, 0
images/Image_heatmap_1362.png, 0
images/Image_heatmap_1363.png, 0
images/Image_heatmap_1364.png, 1
images/Image_heatmap_1365.png, 1
images/Image_heatmap_1366.png, 1
images/Image_heatmap_1367.png, 1
images/Image_heatmap_1368.png, 1
images/Image_heatmap_1369.png, 1
images/Image_heatmap_1370.png, 0
images/Image_heatmap_1371.png, 0
images/Image_heatmap_1372.png, 0
images/Image_heatmap_1373.png, 0
images/Image_heatmap_1374.png, 0
images/Image_heatmap_1375.png, 1
images/Image_heatmap_1376.png, 0
images/Image_heatmap_1377.png, 1
images/Image_heatmap_1378.png, 0
images/Image_heatmap_1379.png, 0
images/Image_heatmap_1380.png, 0
images/Image_heatmap_1381.png, 0
images/Image_heatmap_1382.png, 0
images/Image_heatmap_1383.png, 1
images/Image_heatmap_1384.png, 0
images/Image_heatmap_1385.png, 0
images/Image_heatmap_1386.png, 0
images/Image_heatmap_1387.png, 1
images/Image_heatmap_1388.png, 1
images/Image_heatmap_1389.png, 1
images/Image_heatmap_1390.png, 1
images/Image_heatmap_1391.png, 0
images/Image_heatmap_1392.png, 0
images/Image_heatmap_1393.png, 0
images/Image_heatmap_1394.png, 0
images/Image_heatmap_1395.png, 0
images/Image_heatmap_1396.png, 0
images/Image_heatmap_1397.png, 0
images/Image_heatmap_1398.png, 0
images/Image_heatmap_1399.png, 0
images/Image_heatmap_1400.png, 0
images/Image_heatmap_1401.png, 0
images/Image_heatmap_1402.png, 0
images/Image_heatmap_1403.png, 0
images/Image_heatmap_1404.png, 0
images/Image_heatmap_1405.png, 0
images/Image_heatmap_1406.png, 1
images/Image_heatmap_1407.png, 1
images/Image_heatmap_1408.png, 1
images/Image_heatmap_1409.png, 0
images/Image_heatmap_1410.png, 0
images/Image_heatmap_1411.png, 0
images/Image_heatmap_1412.png, 0
images/Image_heatmap_1413.png, 0
images/Image_heatmap_1414.png, 0
images/Image_heatmap_1415.png, 0
images/Image_heatmap_1416.png, 0
images/Image_heatmap_1417.png, 0
images/Image_heatmap_1418.png, 0
images/Image_heatmap_1419.png, 0
images/Image_heatmap_1420.png, 1
images/Image_heatmap_1421.png, 1
images/Image_heatmap_1422.png, 1
images/Image_heatmap_1423.png, 0
images/Image_heatmap_1424.png, 0
images/Image_heatmap_1425.png, 0
images/Image_heatmap_1426.png, 0
images/Image_heatmap_1427.png, 0
images/Image_heatmap_1428.png, 0
images/Image_heatmap_1429.png, 0
images/Image_heatmap_1430.png, 0
images/Image_heatmap_1431.png, 0
images/Image_heatmap_1432.png, 0
images/Image_heatmap_1433.png, 0
images/Image_heatmap_1434.png, 1
images/Image_heatmap_1435.png, 1
images/Image_heatmap_1436.png, 0
images/Image_heatmap_1437.png, 0
images/Image_heatmap_1438.png, 0
images/Image_heatmap_1439.png, 0
images/Image_heatmap_1440.png, 0
images/Image_heatmap_1441.png, 0
images/Image_heatmap_1442.png, 0
images/Image_heatmap_1443.png, 0
images/Image_heatmap_1444.png, 0
images/Image_heatmap_1445.png, 0
images/Image_heatmap_1446.png, 0
images/Image_heatmap_1447.png, 0
images/Image_heatmap_1448.png, 0
images/Image_heatmap_1449.png, 0
images/Image_heatmap_1450.png, 0
images/Image_heatmap_1451.png, 0
images/Image_heatmap_1452.png, 1
images/Image_heatmap_1453.png, 1
images/Image_heatmap_1454.png, 1
images/Image_heatmap_1455.png, 1
images/Image_heatmap_1456.png, 1
images/Image_heatmap_1457.png, 1
images/Image_heatmap_1458.png, 0
images/Image_heatmap_1459.png, 1
images/Image_heatmap_1460.png, 0
images/Image_heatmap_1461.png, 0
images/Image_heatmap_1462.png, 0
images/Image_heatmap_1463.png, 0
images/Image_heatmap_1464.png, 0
images/Image_heatmap_1465.png, 0
images/Image_heatmap_1466.png, 0
images/Image_heatmap_1467.png, 0
images/Image_heatmap_1468.png, 0
images/Image_heatmap_1469.png, 0
images/Image_heatmap_1470.png, 0
images/Image_heatmap_1471.png, 0
images/Image_heatmap_1472.png, 1
images/Image_heatmap_1473.png, 1
images/Image_heatmap_1474.png, 1
images/Image_heatmap_1475.png, 1
images/Image_heatmap_1476.png, 1
images/Image_heatmap_1477.png, 0
images/Image_heatmap_1478.png, 0
images/Image_heatmap_1479.png, 0
images/Image_heatmap_1480.png, 1
images/Image_heatmap_1481.png, 1
images/Image_heatmap_1482.png, 1
images/Image_heatmap_1483.png, 0
images/Image_heatmap_1484.png, 0
images/Image_heatmap_1485.png, 1
images/Image_heatmap_1486.png, 0
images/Image_heatmap_1487.png, 1
images/Image_heatmap_1488.png, 1
images/Image_heatmap_1489.png, 1
images/Image_heatmap_1490.png, 1
images/Image_heatmap_1491.png, 0
images/Image_heatmap_1492.png, 0
images/Image_heatmap_1493.png, 0
images/Image_heatmap_1494.png, 1
images/Image_heatmap_1495.png, 1
images/Image_heatmap_1496.png, 1
images/Image_heatmap_1497.png, 1
images/Image_heatmap_1498.png, 1
images/Image_heatmap_1499.png, 0
images/Image_heatmap_1500.png, 0
images/Image_heatmap_1501.png, 0
images/Image_heatmap_1502.png, 0
images/Image_heatmap_1503.png, 0
images/Image_heatmap_1504.png, 0
images/Image_heatmap_1505.png, 0
images/Image_heatmap_1506.png, 0
images/Image_heatmap_1507.png, 0
images/Image_heatmap_1508.png, 0
images/Image_heatmap_1509.png, 0
images/Image_heatmap_1510.png, 0
images/Image_heatmap_1511.png, 0
images/Image_heatmap_1512.png, 0
images/Image_heatmap_1513.png, 0
images/Image_heatmap_1514.png, 0
images/Image_heatmap_1515.png, 0
images/Image_heatmap_1516.png, 1
images/Image_heatmap_1517.png, 1
images/Image_heatmap_1518.png, 1
images/Image_heatmap_1519.png, 0
images/Image_heatmap_1520.png, 0
images/Image_heatmap_1521.png, 0
images/Image_heatmap_1522.png, 0
images/Image_heatmap_1523.png, 0
images/Image_heatmap_1524.png, 0
images/Image_heatmap_1525.png, 0
images/Image_heatmap_1526.png, 0
images/Image_heatmap_1527.png, 0
images/Image_heatmap_1528.png, 0
images/Image_heatmap_1529.png, 0
images/Image_heatmap_1530.png, 0
images/Image_heatmap_1531.png, 0
images/Image_heatmap_1532.png, 0
images/Image_heatmap_1533.png, 1
images/Image_heatmap_1534.png, 0
images/Image_heatmap_1535.png, 0
images/Image_heatmap_1536.png, 0
images/Image_heatmap_1537.png, 0
images/Image_heatmap_1538.png, 0
images/Image_heatmap_1539.png, 0
images/Image_heatmap_1540.png, 0
images/Image_heatmap_1541.png, 0
images/Image_heatmap_1542.png, 0
images/Image_heatmap_1543.png, 0
images/Image_heatmap_1544.png, 0
images/Image_heatmap_1545.png, 0
images/Image_heatmap_1546.png, 0
images/Image_heatmap_1547.png, 0
images/Image_heatmap_1548.png, 0
images/Image_heatmap_1549.png, 1
images/Image_heatmap_1550.png, 1
images/Image_heatmap_1551.png, 1
images/Image_heatmap_1552.png, 1
images/Image_heatmap_1553.png, 1
images/Image_heatmap_1554.png, 0
images/Image_heatmap_1555.png, 0
images/Image_heatmap_1556.png, 0
images/Image_heatmap_1557.png, 0
images/Image_heatmap_1558.png, 0
images/Image_heatmap_1559.png, 0
images/Image_heatmap_1560.png, 0
images/Image_heatmap_1561.png, 0
images/Image_heatmap_1562.png, 0
images/Image_heatmap_1563.png, 0
images/Image_heatmap_1564.png, 0
images/Image_heatmap_1565.png, 0
images/Image_heatmap_1566.png, 0
images/Image_heatmap_1567.png, 0
images/Image_heatmap_1568.png, 1
images/Image_heatmap_1569.png, 1
images/Image_heatmap_1570.png, 1
images/Image_heatmap_1571.png, 1
images/Image_heatmap_1572.png, 0
images/Image_heatmap_1573.png, 0
images/Image_heatmap_1574.png, 0
images/Image_heatmap_1575.png, 0
images/Image_heatmap_1576.png, 0
images/Image_heatmap_1577.png, 0
images/Image_heatmap_1578.png, 0
images/Image_heatmap_1579.png, 0
images/Image_heatmap_1580.png, 0
images/Image_heatmap_1581.png, 0
images/Image_heatmap_1582.png, 0
images/Image_heatmap_1583.png, 0
images/Image_heatmap_1584.png, 0
images/Image_heatmap_1585.png, 0
images/Image_heatmap_1586.png, 0
images/Image_heatmap_1587.png, 0
images/Image_heatmap_1588.png, 0
images/Image_heatmap_1589.png, 0
images/Image_heatmap_1590.png, 0
images/Image_heatmap_1591.png, 0
images/Image_heatmap_1592.png, 0
images/Image_heatmap_1593.png, 0
images/Image_heatmap_1594.png, 1
images/Image_heatmap_1595.png, 1
images/Image_heatmap_1596.png, 1
images/Image_heatmap_1597.png, 1
images/Image_heatmap_1598.png, 0
images/Image_heatmap_1599.png, 0
images/Image_heatmap_1600.png, 0
images/Image_heatmap_1601.png, 0
images/Image_heatmap_1602.png, 0
images/Image_heatmap_1603.png, 1
images/Image_heatmap_1604.png, 0
images/Image_heatmap_1605.png, 0
images/Image_heatmap_1606.png, 0
images/Image_heatmap_1607.png, 0
images/Image_heatmap_1608.png, 0
images/Image_heatmap_1609.png, 0
images/Image_heatmap_1610.png, 1
images/Image_heatmap_1611.png, 4
images/Image_heatmap_1612.png, 1
images/Image_heatmap_1613.png, 1
images/Image_heatmap_1614.png, 1
images/Image_heatmap_1615.png, 0
images/Image_heatmap_1616.png, 0
images/Image_heatmap_1617.png, 0
images/Image_heatmap_1618.png, 0
images/Image_heatmap_1619.png, 0
images/Image_heatmap_1620.png, 0
images/Image_heatmap_1621.png, 0
images/Image_heatmap_1622.png, 0
images/Image_heatmap_1623.png, 0
images/Image_heatmap_1624.png, 0
images/Image_heatmap_1625.png, 0
images/Image_heatmap_1626.png, 0
images/Image_heatmap_1627.png, 0
images/Image_heatmap_1628.png, 1
images/Image_heatmap_1629.png, 0
images/Image_heatmap_1630.png, 0
images/Image_heatmap_1631.png, 0
images/Image_heatmap_1632.png, 0
images/Image_heatmap_1633.png, 0
images/Image_heatmap_1634.png, 0
images/Image_heatmap_1635.png, 0
images/Image_heatmap_1636.png, 0
images/Image_heatmap_1637.png, 0
images/Image_heatmap_1638.png, 0
images/Image_heatmap_1639.png, 0
images/Image_heatmap_1640.png, 0
images/Image_heatmap_1641.png, 0
images/Image_heatmap_1642.png, 0
images/Image_heatmap_1643.png, 0
images/Image_heatmap_1644.png, 0
images/Image_heatmap_1645.png, 0
images/Image_heatmap_1646.png, 0
images/Image_heatmap_1647.png, 0
images/Image_heatmap_1648.png, 0
images/Image_heatmap_1649.png, 0
images/Image_heatmap_1650.png, 0
images/Image_heatmap_1651.png, 0
images/Image_heatmap_1652.png, 0
images/Image_heatmap_1653.png, 0
images/Image_heatmap_1654.png, 0
images/Image_heatmap_1655.png, 0
images/Image_heatmap_1656.png, 0
images/Image_heatmap_1657.png, 0
images/Image_heatmap_1658.png, 0
images/Image_heatmap_1659.png, 0
images/Image_heatmap_1660.png, 1
images/Image_heatmap_1661.png, 1
images/Image_heatmap_1662.png, 1
images/Image_heatmap_1663.png, 1
images/Image_heatmap_1664.png, 1
images/Image_heatmap_1665.png, 1
images/Image_heatmap_1666.png, 0
images/Image_heatmap_1667.png, 0
images/Image_heatmap_1668.png, 0
images/Image_heatmap_1669.png, 1
images/Image_heatmap_1670.png, 1
images/Image_heatmap_1671.png, 1
images/Image_heatmap_1672.png, 0
images/Image_heatmap_1673.png, 0
images/Image_heatmap_1674.png, 0
images/Image_heatmap_1675.png, 0
images/Image_heatmap_1676.png, 1
images/Image_heatmap_1677.png, 1
images/Image_heatmap_1678.png, 1
images/Image_heatmap_1679.png, 1
images/Image_heatmap_1680.png, 0
images/Image_heatmap_1681.png, 0
images/Image_heatmap_1682.png, 0
images/Image_heatmap_1683.png, 1
images/Image_heatmap_1684.png, 4
images/Image_heatmap_1685.png, 1
images/Image_heatmap_1686.png, 0
images/Image_heatmap_1687.png, 0
images/Image_heatmap_1688.png, 0
images/Image_heatmap_1689.png, 0
images/Image_heatmap_1690.png, 0
images/Image_heatmap_1691.png, 0
images/Image_heatmap_1692.png, 0
images/Image_heatmap_1693.png, 0
images/Image_heatmap_1694.png, 1
images/Image_heatmap_1695.png, 1
images/Image_heatmap_1696.png, 1
images/Image_heatmap_1697.png, 0
images/Image_heatmap_1698.png, 0
images/Image_heatmap_1699.png, 0
images/Image_heatmap_1700.png, 0
images/Image_heatmap_1701.png, 0
images/Image_heatmap_1702.png, 0
images/Image_heatmap_1703.png, 0
images/Image_heatmap_1704.png, 0
images/Image_heatmap_1705.png, 0
images/Image_heatmap_1706.png, 0
images/Image_heatmap_1707.png, 1
images/Image_heatmap_1708.png, 1
images/Image_heatmap_1709.png, 3
images/Image_heatmap_1710.png, 3
images/Image_heatmap_1711.png, 1
images/Image_heatmap_1712.png, 1
images/Image_heatmap_1713.png, 1
images/Image_heatmap_1714.png, 1
images/Image_heatmap_1715.png, 0
images/Image_heatmap_1716.png, 0
images/Image_heatmap_1717.png, 0
images/Image_heatmap_1718.png, 0
images/Image_heatmap_1719.png, 0
images/Image_heatmap_1720.png, 0
images/Image_heatmap_1721.png, 1
images/Image_heatmap_1722.png, 1
images/Image_heatmap_1723.png, 1
images/Image_heatmap_1724.png, 1
images/Image_heatmap_1725.png, 1
images/Image_heatmap_1726.png, 1
images/Image_heatmap_1727.png, 1
images/Image_heatmap_1728.png, 1
images/Image_heatmap_1729.png, 3
images/Image_heatmap_1730.png, 1
images/Image_heatmap_1731.png, 3
images/Image_heatmap_1732.png, 3
images/Image_heatmap_1733.png, 1
images/Image_heatmap_1734.png, 1
images/Image_heatmap_1735.png, 1
images/Image_heatmap_1736.png, 1
images/Image_heatmap_1737.png, 1
images/Image_heatmap_1738.png, 1
images/Image_heatmap_1739.png, 1
images/Image_heatmap_1740.png, 1
images/Image_heatmap_1741.png, 1
images/Image_heatmap_1742.png, 1
images/Image_heatmap_1743.png, 1
images/Image_heatmap_1744.png, 1
images/Image_heatmap_1745.png, 1
images/Image_heatmap_1746.png, 1
images/Image_heatmap_1747.png, 1
images/Image_heatmap_1748.png, 3
images/Image_heatmap_1749.png, 1
images/Image_heatmap_1750.png, 3
images/Image_heatmap_1751.png, 1
images/Image_heatmap_1752.png, 1
images/Image_heatmap_1753.png, 1
images/Image_heatmap_1754.png, 3
images/Image_heatmap_1755.png, 3
images/Image_heatmap_1756.png, 1
images/Image_heatmap_1757.png, 1
images/Image_heatmap_1758.png, 1
images/Image_heatmap_1759.png, 1
images/Image_heatmap_1760.png, 1
images/Image_heatmap_1761.png, 1
images/Image_heatmap_1762.png, 1
images/Image_heatmap_1763.png, 0
images/Image_heatmap_1764.png, 0
images/Image_heatmap_1765.png, 1
images/Image_heatmap_1766.png, 0
images/Image_heatmap_1767.png, 0
images/Image_heatmap_1768.png, 0
images/Image_heatmap_1769.png, 0
images/Image_heatmap_1770.png, 0
images/Image_heatmap_1771.png, 0
images/Image_heatmap_1772.png, 0
images/Image_heatmap_1773.png, 0
images/Image_heatmap_1774.png, 0
images/Image_heatmap_1775.png, 1
images/Image_heatmap_1776.png, 1
images/Image_heatmap_1777.png, 3
images/Image_heatmap_1778.png, 3
images/Image_heatmap_1779.png, 3
images/Image_heatmap_1780.png, 1
images/Image_heatmap_1781.png, 1
images/Image_heatmap_1782.png, 0
images/Image_heatmap_1783.png, 0
images/Image_heatmap_1784.png, 0
images/Image_heatmap_1785.png, 0
images/Image_heatmap_1786.png, 0
images/Image_heatmap_1787.png, 0
images/Image_heatmap_1788.png, 0
images/Image_heatmap_1789.png, 0
images/Image_heatmap_1790.png, 0
images/Image_heatmap_1791.png, 0
images/Image_heatmap_1792.png, 0
images/Image_heatmap_1793.png, 0
images/Image_heatmap_1794.png, 0
images/Image_heatmap_1795.png, 0
images/Image_heatmap_1796.png, 1
images/Image_heatmap_1797.png, 1
images/Image_heatmap_1798.png, 1
images/Image_heatmap_1799.png, 1
images/Image_heatmap_1800.png, 3
images/Image_heatmap_1801.png, 3
images/Image_heatmap_1802.png, 1
images/Image_heatmap_1803.png, 3
images/Image_heatmap_1804.png, 3
images/Image_heatmap_1805.png, 3
images/Image_heatmap_1806.png, 1
images/Image_heatmap_1807.png, 1
images/Image_heatmap_1808.png, 1
images/Image_heatmap_1809.png, 1
images/Image_heatmap_1810.png, 1
images/Image_heatmap_1811.png, 1
images/Image_heatmap_1812.png, 3
images/Image_heatmap_1813.png, 3
images/Image_heatmap_1814.png, 3
images/Image_heatmap_1815.png, 1
images/Image_heatmap_1816.png, 1
images/Image_heatmap_1817.png, 1
images/Image_heatmap_1818.png, 1
images/Image_heatmap_1819.png, 1
images/Image_heatmap_1820.png, 1
images/Image_heatmap_1821.png, 1
images/Image_heatmap_1822.png, 3
images/Image_heatmap_1823.png, 3
images/Image_heatmap_1824.png, 3
images/Image_heatmap_1825.png, 1
images/Image_heatmap_1826.png, 1
images/Image_heatmap_1827.png, 1
images/Image_heatmap_1828.png, 1
images/Image_heatmap_1829.png, 1
images/Image_heatmap_1830.png, 1
images/Image_heatmap_1831.png, 1
images/Image_heatmap_1832.png, 1
images/Image_heatmap_1833.png, 1
images/Image_heatmap_1834.png, 1
images/Image_heatmap_1835.png, 1
images/Image_heatmap_1836.png, 0
images/Image_heatmap_1837.png, 0
images/Image_heatmap_1838.png, 1
images/Image_heatmap_1839.png, 1
images/Image_heatmap_1840.png, 1
images/Image_heatmap_1841.png, 1
images/Image_heatmap_1842.png, 1
images/Image_heatmap_1843.png, 1
images/Image_heatmap_1844.png, 1
images/Image_heatmap_1845.png, 1
images/Image_heatmap_1846.png, 1
images/Image_heatmap_1847.png, 1
images/Image_heatmap_1848.png, 1
images/Image_heatmap_1849.png, 1
images/Image_heatmap_1850.png, 1
images/Image_heatmap_1851.png, 3
images/Image_heatmap_1852.png, 0
images/Image_heatmap_1853.png, 3
images/Image_heatmap_1854.png, 0
images/Image_heatmap_1855.png, 1
images/Image_heatmap_1856.png, 1
images/Image_heatmap_1857.png, 1
images/Image_heatmap_1858.png, 1
images/Image_heatmap_1859.png, 3
images/Image_heatmap_1860.png, 3
images/Image_heatmap_1861.png, 3
images/Image_heatmap_1862.png, 1
images/Image_heatmap_1863.png, 1
images/Image_heatmap_1864.png, 1
images/Image_heatmap_1865.png, 1
images/Image_heatmap_1866.png, 1
images/Image_heatmap_1867.png, 1
images/Image_heatmap_1868.png, 1
images/Image_heatmap_1869.png, 1
images/Image_heatmap_1870.png, 0
images/Image_heatmap_1871.png, 0
images/Image_heatmap_1872.png, 0
images/Image_heatmap_1873.png, 0
images/Image_heatmap_1874.png, 0
images/Image_heatmap_1875.png, 0
images/Image_heatmap_1876.png, 1
images/Image_heatmap_1877.png, 1
images/Image_heatmap_1878.png, 1
images/Image_heatmap_1879.png, 1
images/Image_heatmap_1880.png, 1
images/Image_heatmap_1881.png, 1
images/Image_heatmap_1882.png, 1
images/Image_heatmap_1883.png, 1
images/Image_heatmap_1884.png, 1
images/Image_heatmap_1885.png, 1
images/Image_heatmap_1886.png, 1
images/Image_heatmap_1887.png, 1
images/Image_heatmap_1888.png, 1
images/Image_heatmap_1889.png, 1
images/Image_heatmap_1890.png, 1
images/Image_heatmap_1891.png, 1
images/Image_heatmap_1892.png, 1
images/Image_heatmap_1893.png, 1
images/Image_heatmap_1894.png, 1
images/Image_heatmap_1895.png, 1
images/Image_heatmap_1896.png, 1
images/Image_heatmap_1897.png, 0
images/Image_heatmap_1898.png, 0
images/Image_heatmap_1899.png, 0
images/Image_heatmap_1900.png, 0
images/Image_heatmap_1901.png, 0
images/Image_heatmap_1902.png, 0
images/Image_heatmap_1903.png, 0
images/Image_heatmap_1904.png, 0
images/Image_heatmap_1905.png, 0
images/Image_heatmap_1906.png, 0
images/Image_heatmap_1907.png, 0
images/Image_heatmap_1908.png, 0
images/Image_heatmap_1909.png, 0
images/Image_heatmap_1910.png, 0
images/Image_heatmap_1911.png, 0
images/Image_heatmap_1912.png, 0
images/Image_heatmap_1913.png, 0
images/Image_heatmap_1914.png, 0
images/Image_heatmap_1915.png, 0
images/Image_heatmap_1916.png, 0
images/Image_heatmap_1917.png, 1
images/Image_heatmap_1918.png, 0
images/Image_heatmap_1919.png, 0
images/Image_heatmap_1920.png, 1
images/Image_heatmap_1921.png, 0
images/Image_heatmap_1922.png, 0
images/Image_heatmap_1923.png, 0
images/Image_heatmap_1924.png, 0
images/Image_heatmap_1925.png, 0
images/Image_heatmap_1926.png, 0
images/Image_heatmap_1927.png, 0
images/Image_heatmap_1928.png, 0
images/Image_heatmap_1929.png, 0
images/Image_heatmap_1930.png, 0
images/Image_heatmap_1931.png, 0
images/Image_heatmap_1932.png, 0
images/Image_heatmap_1933.png, 1
images/Image_heatmap_1934.png, 1
images/Image_heatmap_1935.png, 1
images/Image_heatmap_1936.png, 1
images/Image_heatmap_1937.png, 1
images/Image_heatmap_1938.png, 1
images/Image_heatmap_1939.png, 1
images/Image_heatmap_1940.png, 1
images/Image_heatmap_1941.png, 1
images/Image_heatmap_1942.png, 1
images/Image_heatmap_1943.png, 1
images/Image_heatmap_1944.png, 1
images/Image_heatmap_1945.png, 3
images/Image_heatmap_1946.png, 1
images/Image_heatmap_1947.png, 1
images/Image_heatmap_1948.png, 1
images/Image_heatmap_1949.png, 1
images/Image_heatmap_1950.png, 1
images/Image_heatmap_1951.png, 1
images/Image_heatmap_1952.png, 1
images/Image_heatmap_1953.png, 1
images/Image_heatmap_1954.png, 1
images/Image_heatmap_1955.png, 1
images/Image_heatmap_1956.png, 1
images/Image_heatmap_1957.png, 1
images/Image_heatmap_1958.png, 1
images/Image_heatmap_1959.png, 1
images/Image_heatmap_1960.png, 3
images/Image_heatmap_1961.png, 1
images/Image_heatmap_1962.png, 1
images/Image_heatmap_1963.png, 1
images/Image_heatmap_1964.png, 1
images/Image_heatmap_1965.png, 1
images/Image_heatmap_1966.png, 0
images/Image_heatmap_1967.png, 0
images/Image_heatmap_1968.png, 0
images/Image_heatmap_1969.png, 1
images/Image_heatmap_1970.png, 4
images/Image_heatmap_1971.png, 1
images/Image_heatmap_1972.png, 1
images/Image_heatmap_1973.png, 3
images/Image_heatmap_1974.png, 1
images/Image_heatmap_1975.png, 1
images/Image_heatmap_1976.png, 1
images/Image_heatmap_1977.png, 0
images/Image_heatmap_1978.png, 1
images/Image_heatmap_1979.png, 1
images/Image_heatmap_1980.png, 3
images/Image_heatmap_1981.png, 3
images/Image_heatmap_1982.png, 3
images/Image_heatmap_1983.png, 1
images/Image_heatmap_1984.png, 1
images/Image_heatmap_1985.png, 3
images/Image_heatmap_1986.png, 3
images/Image_heatmap_1987.png, 4
images/Image_heatmap_1988.png, 4
images/Image_heatmap_1989.png, 4
images/Image_heatmap_1990.png, 4
images/Image_heatmap_1991.png, 1